                  epoch,         train/box_loss,         train/cls_loss,         train/dfl_loss,   metrics/precision(B),      metrics/recall(B),       metrics/mAP50(B),    metrics/mAP50-95(B),           val/box_loss,           val/cls_loss,           val/dfl_loss,                 lr/pg0,                 lr/pg1,                 lr/pg2
                      1,                 1.8119,                 3.6129,                 1.5041,                0.01347,                0.38342,                0.14811,                0.06681,                 1.5077,                 3.3196,                 1.3102,                0.00023,                0.00023,                0.00023
                      2,                 1.5966,                 1.8779,                 1.3152,                0.01298,                0.52434,                0.16992,                0.08165,                 1.5732,                 3.2062,                 1.3558,             0.00046535,             0.00046535,             0.00046535
                      3,                 1.5208,                 1.6166,                 1.2978,                0.00955,                0.61169,                0.24003,                0.11941,                 1.5569,                 3.0292,                 1.3331,             0.00069594,             0.00069594,             0.00069594
                      4,                 1.5097,                 1.5249,                 1.2738,                0.89112,                0.09154,                0.19213,                0.09326,                 1.4862,                 2.7008,                 1.3557,             0.00092179,             0.00092179,             0.00092179
                      5,                 1.5258,                 1.5028,                 1.3106,                0.61192,                0.26733,                0.24012,                0.11544,                  1.576,                 1.9863,                 1.3656,              0.0009604,              0.0009604,              0.0009604
                      6,                 1.4824,                 1.4284,                  1.294,                0.70643,                0.33742,                0.35245,                0.17304,                 1.5305,                  1.509,                 1.3938,              0.0009505,              0.0009505,              0.0009505
                      7,                 1.4225,                 1.3624,                 1.2561,                0.73308,                0.31914,                0.35291,                0.18741,                 1.5096,                 1.6716,                 1.3651,              0.0009406,              0.0009406,              0.0009406
                      8,                 1.4587,                 1.3682,                 1.2805,                  0.704,                0.33946,                0.35718,                0.19127,                 1.4618,                 1.4339,                 1.3593,              0.0009307,              0.0009307,              0.0009307
                      9,                 1.4221,                 1.3008,                 1.2476,                0.54125,                 0.4061,                0.39992,                0.21367,                 1.4159,                 1.2257,                 1.3338,              0.0009208,              0.0009208,              0.0009208
                     10,                 1.4019,                 1.2299,                 1.2263,                0.55633,                  0.413,                0.42946,                0.22766,                 1.4084,                 1.1569,                  1.281,              0.0009109,              0.0009109,              0.0009109
                     11,                 1.4196,                 1.2194,                 1.2482,                0.63363,                0.44395,                0.45891,                0.23877,                 1.4268,                 1.0757,                 1.2944,               0.000901,               0.000901,               0.000901
                     12,                 1.3991,                 1.2036,                 1.2346,                0.64563,                 0.5117,                0.51333,                0.26323,                 1.3873,                 1.0425,                 1.2952,              0.0008911,              0.0008911,              0.0008911
                     13,                 1.3888,                 1.1713,                 1.2345,                0.65487,                 0.4685,                 0.4662,                0.24883,                   1.36,                 1.0485,                 1.2788,              0.0008812,              0.0008812,              0.0008812
                     14,                 1.3798,                 1.1672,                 1.2402,                0.66869,                0.49527,                0.47371,                0.24218,                 1.3529,                 1.0632,                  1.288,              0.0008713,              0.0008713,              0.0008713
                     15,                 1.3407,                 1.1195,                 1.2058,                0.57358,                0.45021,                0.46773,                0.25041,                 1.3819,                 1.0746,                  1.273,              0.0008614,              0.0008614,              0.0008614
                     16,                 1.3726,                 1.1148,                 1.2184,                0.71366,                0.38793,                0.47258,                0.25011,                 1.3499,                 1.0227,                 1.2563,              0.0008515,              0.0008515,              0.0008515
                     17,                 1.3679,                 1.1036,                 1.2146,                 0.6604,                0.42476,                0.47228,                0.25383,                 1.3414,                 1.0508,                  1.265,              0.0008416,              0.0008416,              0.0008416
                     18,                 1.3621,                 1.1182,                 1.2169,                0.63308,                0.45935,                0.48371,                0.25399,                 1.3638,                 1.0107,                  1.268,              0.0008317,              0.0008317,              0.0008317
                     19,                 1.3127,                 1.0453,                 1.1848,                 0.5979,                0.42657,                0.44918,                0.23686,                 1.4336,                 1.1366,                 1.3051,              0.0008218,              0.0008218,              0.0008218
                     20,                 1.3537,                 1.0856,                 1.2081,                  0.612,                0.50062,                0.48715,                0.25058,                 1.3594,                 1.0076,                   1.27,              0.0008119,              0.0008119,              0.0008119
                     21,                 1.3393,                 1.0518,                 1.2142,                0.61383,                0.46483,                0.45602,                0.24461,                 1.4085,                 1.0339,                  1.266,               0.000802,               0.000802,               0.000802
                     22,                 1.3437,                 1.0755,                 1.2147,                0.63736,                0.44712,                0.45419,                0.25354,                 1.3516,                0.99482,                 1.2818,              0.0007921,              0.0007921,              0.0007921
                     23,                 1.3346,                 1.0513,                 1.2043,                 0.7489,                0.46058,                0.48433,                  0.262,                 1.3747,                0.98655,                 1.2775,              0.0007822,              0.0007822,              0.0007822
                     24,                 1.2938,                 1.0097,                 1.1691,                 0.6326,                0.52542,                0.48482,                0.26228,                 1.3734,                 1.0619,                  1.253,              0.0007723,              0.0007723,              0.0007723
                     25,                 1.3108,                 1.0015,                 1.1896,                0.51009,                0.43734,                0.47959,                0.25567,                 1.3536,                0.95745,                 1.2676,              0.0007624,              0.0007624,              0.0007624
                     26,                 1.2859,                0.98707,                 1.1804,                0.69841,                0.47413,                0.48988,                0.26485,                 1.3448,                0.96162,                  1.263,              0.0007525,              0.0007525,              0.0007525
                     27,                 1.2861,                0.98371,                 1.1793,                0.70916,                0.52012,                0.50363,                0.26332,                 1.3565,                0.92809,                 1.2887,              0.0007426,              0.0007426,              0.0007426
                     28,                 1.2646,                0.94834,                 1.1723,                0.51772,                0.53054,                0.51721,                 0.2752,                 1.3895,                 0.9624,                 1.2981,              0.0007327,              0.0007327,              0.0007327
                     29,                 1.2855,                0.95757,                  1.161,                0.59313,                0.51101,                0.49196,                0.27591,                 1.3734,                0.95921,                  1.259,              0.0007228,              0.0007228,              0.0007228
                     30,                  1.248,                0.94945,                 1.1572,                0.53947,                0.48835,                0.49717,                0.27203,                 1.3576,                0.93423,                 1.2721,              0.0007129,              0.0007129,              0.0007129
                     31,                 1.2585,                0.92869,                 1.1577,                0.66799,                0.50727,                0.49063,                0.27152,                   1.35,                0.94838,                 1.2836,               0.000703,               0.000703,               0.000703
                     32,                 1.2736,                0.93455,                 1.1607,                0.47532,                0.50329,                0.49236,                0.27432,                 1.3205,                0.89102,                 1.2627,              0.0006931,              0.0006931,              0.0006931
                     33,                 1.2588,                0.93993,                 1.1536,                0.57655,                0.52738,                0.51977,                0.29614,                 1.3207,                0.94878,                 1.2401,              0.0006832,              0.0006832,              0.0006832
                     34,                 1.2181,                0.90144,                 1.1295,                0.51459,                0.49578,                0.50941,                 0.2737,                 1.3656,                0.95095,                 1.2926,              0.0006733,              0.0006733,              0.0006733
                     35,                 1.2458,                0.92979,                 1.1616,                 0.7133,                0.52123,                0.52358,                0.27839,                 1.3533,                0.90505,                 1.2666,              0.0006634,              0.0006634,              0.0006634
                     36,                 1.2393,                0.91507,                 1.1486,                0.70706,                0.46757,                 0.5109,                 0.2644,                 1.4309,                 1.0995,                 1.2903,              0.0006535,              0.0006535,              0.0006535
                     37,                  1.235,                0.89132,                  1.142,                0.47942,                 0.5547,                0.50308,                0.26583,                 1.3692,                0.93586,                 1.2591,              0.0006436,              0.0006436,              0.0006436
                     38,                 1.2301,                0.91206,                 1.1391,                0.50519,                0.51994,                0.51308,                  0.282,                 1.3436,                 0.9808,                 1.2678,              0.0006337,              0.0006337,              0.0006337
                     39,                 1.2282,                0.88858,                 1.1352,                0.46117,                0.49164,                0.49061,                0.26959,                 1.3692,                0.90794,                 1.2761,              0.0006238,              0.0006238,              0.0006238
                     40,                 1.2097,                0.88249,                 1.1405,                0.54446,                0.49549,                0.53498,                 0.2884,                 1.3746,                0.88845,                 1.2585,              0.0006139,              0.0006139,              0.0006139
                     41,                 1.1988,                0.86175,                 1.1337,                0.63794,                0.57661,                0.52763,                0.28791,                  1.357,                0.88614,                 1.2779,               0.000604,               0.000604,               0.000604
                     42,                 1.1991,                0.84574,                   1.13,                0.66418,                0.55135,                0.52127,                0.28477,                 1.3909,                0.88616,                 1.2774,              0.0005941,              0.0005941,              0.0005941
                     43,                 1.1884,                0.85369,                 1.1279,                0.72857,                0.49347,                0.53546,                0.28884,                 1.3522,                0.89268,                 1.2623,              0.0005842,              0.0005842,              0.0005842
                     44,                 1.1927,                 0.9156,                 1.1596,                 0.7105,                0.53849,                0.53703,                0.29516,                 1.3347,                0.84383,                 1.2667,              0.0005743,              0.0005743,              0.0005743
                     45,                 1.1917,                0.85052,                 1.1156,                0.73669,                0.51144,                0.55046,                0.28842,                 1.3497,                0.87924,                 1.2606,              0.0005644,              0.0005644,              0.0005644
                     46,                 1.1628,                 0.8216,                 1.1022,                0.49917,                0.50181,                0.51346,                0.28396,                 1.3792,                0.87867,                 1.2673,              0.0005545,              0.0005545,              0.0005545
                     47,                 1.1663,                0.81962,                 1.1006,                0.68736,                0.49932,                 0.5029,                0.28104,                 1.3312,                0.86512,                 1.2757,              0.0005446,              0.0005446,              0.0005446
                     48,                 1.1598,                0.82259,                 1.0977,                0.55581,                0.48117,                0.48962,                0.27177,                 1.3257,                0.88467,                  1.254,              0.0005347,              0.0005347,              0.0005347
                     49,                 1.1503,                0.81296,                 1.1004,                0.56172,                0.52566,                0.54428,                0.28942,                  1.325,                0.86742,                 1.2696,              0.0005248,              0.0005248,              0.0005248
                     50,                 1.1642,                0.81868,                  1.095,                0.51505,                0.54369,                0.53403,                 0.2863,                 1.3576,                0.85935,                 1.2745,              0.0005149,              0.0005149,              0.0005149
                     51,                 1.1584,                0.79954,                 1.1012,                 0.6805,                0.47102,                0.49797,                0.25075,                 1.5269,                0.96099,                 1.3382,               0.000505,               0.000505,               0.000505
                     52,                 1.1588,                0.81077,                 1.0989,                 0.4452,                0.50423,                0.46834,                0.23799,                 1.4825,                0.92912,                 1.3063,              0.0004951,              0.0004951,              0.0004951
                     53,                 1.1248,                0.78607,                 1.0846,                0.77207,                0.53008,                0.55234,                0.29637,                 1.3347,                0.83956,                 1.2749,              0.0004852,              0.0004852,              0.0004852
                     54,                 1.1309,                0.78162,                 1.0966,                0.70315,                0.50547,                0.52627,                0.28413,                 1.3715,                0.83785,                 1.3008,              0.0004753,              0.0004753,              0.0004753
                     55,                 1.1213,                0.78063,                 1.0791,                0.54216,                0.55924,                 0.5617,                0.30292,                  1.337,                0.84916,                 1.2652,              0.0004654,              0.0004654,              0.0004654
                     56,                 1.1172,                0.78912,                 1.0986,                0.74883,                0.50157,                 0.5342,                 0.2888,                 1.4107,                0.86022,                 1.3122,              0.0004555,              0.0004555,              0.0004555
                     57,                 1.1145,                0.77234,                 1.0791,                0.70575,                 0.5246,                0.51435,                0.28448,                 1.3752,                0.82042,                 1.3254,              0.0004456,              0.0004456,              0.0004456
                     58,                 1.1322,                0.76664,                  1.086,                0.49687,                0.52753,                0.52971,                0.29064,                 1.3695,                0.82481,                 1.2827,              0.0004357,              0.0004357,              0.0004357
                     59,                 1.1201,                0.76765,                 1.0856,                0.50867,                0.55573,                0.52256,                0.28978,                 1.3304,                0.80771,                 1.2955,              0.0004258,              0.0004258,              0.0004258
                     60,                 1.1326,                0.77212,                 1.0769,                0.52198,                0.53342,                0.51951,                0.28623,                 1.3642,                0.83774,                 1.2894,              0.0004159,              0.0004159,              0.0004159
                     61,                 1.1069,                0.75246,                 1.0793,                0.55005,                0.52393,                0.52714,                0.28921,                 1.3616,                0.82921,                 1.2823,               0.000406,               0.000406,               0.000406
                     62,                 1.1011,                0.74044,                 1.0732,                0.53673,                0.53679,                0.52093,                0.27861,                 1.3926,                0.84182,                 1.3174,              0.0003961,              0.0003961,              0.0003961
                     63,                 1.0849,                0.73879,                  1.059,                0.72378,                0.50537,                 0.5352,                0.29645,                 1.3359,                0.81711,                 1.2779,              0.0003862,              0.0003862,              0.0003862
                     64,                 1.0977,                0.76343,                 1.0705,                 0.5654,                0.52303,                0.53915,                0.29773,                 1.3539,                 0.8346,                 1.2683,              0.0003763,              0.0003763,              0.0003763
                     65,                 1.0958,                0.73407,                 1.0651,                0.52839,                0.52471,                0.52298,                0.29185,                 1.3494,                0.82822,                 1.2983,              0.0003664,              0.0003664,              0.0003664
                     66,                 1.0727,                0.71981,                 1.0633,                 0.7294,                0.51067,                0.53473,                0.29927,                 1.3597,                0.80904,                 1.2768,              0.0003565,              0.0003565,              0.0003565
                     67,                 1.0695,                0.72557,                  1.056,                0.67515,                0.53474,                 0.5182,                 0.2919,                 1.3476,                0.85361,                 1.2742,              0.0003466,              0.0003466,              0.0003466
                     68,                 1.0534,                 0.7063,                 1.0546,                0.67071,                0.54891,                0.51632,                0.28611,                 1.3718,                0.80651,                 1.3095,              0.0003367,              0.0003367,              0.0003367
                     69,                 1.0593,                0.70376,                 1.0486,                 0.7077,                0.54786,                0.53794,                0.30346,                 1.3874,                 0.8177,                 1.3196,              0.0003268,              0.0003268,              0.0003268
                     70,                 1.0425,                0.69441,                 1.0446,                0.72503,                0.56235,                0.55117,                0.29561,                 1.4104,                0.82062,                 1.3113,              0.0003169,              0.0003169,              0.0003169
                     71,                 1.0513,                0.72477,                 1.0529,                 0.7212,                0.53383,                0.52619,                0.28839,                 1.3388,                0.82825,                 1.2932,               0.000307,               0.000307,               0.000307
                     72,                 1.0374,                0.67916,                 1.0401,                0.74459,                0.50443,                0.53233,                0.29391,                 1.3918,                 0.8099,                 1.3086,              0.0002971,              0.0002971,              0.0002971
                     73,                 1.0426,                0.69647,                 1.0446,                 0.7685,                0.51029,                0.51792,                0.28885,                 1.3638,                 0.8189,                 1.2972,              0.0002872,              0.0002872,              0.0002872
                     74,                  1.046,                0.69146,                 1.0504,                0.71404,                0.53524,                 0.5333,                0.29107,                 1.3445,                0.79418,                 1.2841,              0.0002773,              0.0002773,              0.0002773
                     75,                 1.0577,                0.71479,                 1.0529,                0.67618,                0.52651,                0.52492,                 0.2943,                 1.3258,                0.81316,                 1.2731,              0.0002674,              0.0002674,              0.0002674
                     76,                 1.0182,                0.67367,                 1.0367,                0.73558,                0.50434,                0.52725,                0.30037,                 1.3121,                0.78096,                 1.2741,              0.0002575,              0.0002575,              0.0002575
                     77,                 1.0384,                  0.691,                 1.0379,                0.72167,                0.51893,                0.52067,                0.29491,                 1.3468,                0.78724,                 1.2974,              0.0002476,              0.0002476,              0.0002476
                     78,                  1.005,                0.65984,                 1.0229,                 0.7113,                0.53853,                0.54782,                0.29718,                 1.3626,                0.81282,                 1.2982,              0.0002377,              0.0002377,              0.0002377
                     79,                 1.0127,                0.66679,                 1.0299,                0.53298,                0.52887,                0.51605,                0.29071,                  1.347,                0.79449,                 1.3077,              0.0002278,              0.0002278,              0.0002278
                     80,                  1.018,                0.68193,                 1.0371,                0.53797,                0.52027,                0.53502,                 0.3059,                 1.3603,                 0.7706,                 1.2887,              0.0002179,              0.0002179,              0.0002179
                     81,                0.97936,                0.64325,                 1.0159,                0.52395,                0.52541,                0.52812,                0.30034,                 1.3379,                0.77348,                  1.296,               0.000208,               0.000208,               0.000208
                     82,                 1.0113,                0.66318,                 1.0287,                0.57079,                0.48299,                0.53846,                0.29659,                 1.3725,                0.79334,                 1.2899,              0.0001981,              0.0001981,              0.0001981
                     83,                  1.004,                0.66491,                  1.027,                0.70637,                0.53695,                0.52986,                0.29659,                  1.373,                0.80973,                 1.3012,              0.0001882,              0.0001882,              0.0001882
                     84,                  1.001,                0.65832,                  1.032,                0.78085,                0.49848,                0.53986,                0.30549,                 1.3522,                0.77635,                 1.2901,              0.0001783,              0.0001783,              0.0001783
                     85,                0.99484,                0.64321,                  1.017,                 0.6101,                0.50357,                0.54284,                0.30711,                  1.359,                0.78609,                 1.2965,              0.0001684,              0.0001684,              0.0001684
                     86,                0.99387,                0.65903,                 1.0227,                 0.5853,                 0.5443,                0.54214,                0.30564,                 1.3651,                0.78997,                 1.3003,              0.0001585,              0.0001585,              0.0001585
                     87,                0.97937,                0.64037,                 1.0172,                0.73614,                0.53026,                0.53114,                0.29894,                 1.3596,                0.78999,                  1.298,              0.0001486,              0.0001486,              0.0001486
                     88,                0.97522,                0.66423,                 1.0279,                0.58314,                0.53258,                0.53163,                 0.3013,                 1.3345,                0.76687,                 1.2844,              0.0001387,              0.0001387,              0.0001387
                     89,                0.96762,                0.62827,                 1.0094,                 0.5504,                 0.5219,                0.54658,                0.30844,                 1.3397,                0.77371,                 1.2864,              0.0001288,              0.0001288,              0.0001288
                     90,                0.97028,                0.63088,                 1.0144,                0.58376,                0.52854,                0.54756,                0.31056,                 1.3471,                0.77638,                 1.2874,              0.0001189,              0.0001189,              0.0001189
                     91,                0.92733,                0.58096,                0.99991,                0.63782,                0.49239,                0.53727,                0.30253,                  1.375,                0.79458,                 1.2948,               0.000109,               0.000109,               0.000109
                     92,                0.88457,                0.54032,                0.99026,                0.57823,                0.50195,                0.53817,                0.30227,                 1.3822,                0.76858,                 1.3208,               9.91e-05,               9.91e-05,               9.91e-05
                     93,                0.88764,                0.54755,                0.98694,                0.59116,                0.51862,                0.54086,                0.29772,                 1.3706,                0.76208,                 1.3322,               8.92e-05,               8.92e-05,               8.92e-05
                     94,                0.87564,                0.53458,                0.97927,                0.56909,                0.55717,                0.54548,                0.29794,                 1.3621,                0.76451,                 1.3254,               7.93e-05,               7.93e-05,               7.93e-05
                     95,                0.88521,                 0.5325,                0.98232,                0.57554,                0.51859,                0.54146,                 0.2975,                 1.4022,                0.76361,                 1.3277,               6.94e-05,               6.94e-05,               6.94e-05
                     96,                0.88737,                0.52649,                0.98776,                0.56184,                0.51352,                0.53444,                0.30153,                 1.3713,                0.76223,                 1.3248,               5.95e-05,               5.95e-05,               5.95e-05
                     97,                0.88951,                0.57427,                0.99391,                0.55602,                0.52303,                0.53414,                0.30096,                 1.3642,                0.75698,                 1.3267,               4.96e-05,               4.96e-05,               4.96e-05
                     98,                0.84987,                0.51479,                0.97232,                0.57233,                0.52139,                0.54169,                0.30813,                 1.3751,                0.76439,                 1.3227,               3.97e-05,               3.97e-05,               3.97e-05
                     99,                 0.8618,                0.52511,                0.97554,                0.57627,                 0.5197,                0.53901,                0.30501,                 1.3729,                0.76394,                 1.3269,               2.98e-05,               2.98e-05,               2.98e-05
                    100,                0.85388,                0.54634,                0.98416,                0.59469,                0.51455,                0.53726,                0.30259,                 1.3732,                0.76063,                 1.3241,               1.99e-05,               1.99e-05,               1.99e-05
